,test_rmse,train_rmse,test_evs,train_evs,test_r2,train_r2
0,0.265,0.265,0.087,0.088,0.085,0.086
1,0.257,0.256,0.141,0.148,0.137,0.145
2,0.252,0.251,0.173,0.182,0.169,0.179
3,0.249,0.245,0.192,0.219,0.189,0.216
4,0.248,0.243,0.199,0.232,0.195,0.23
5,0.242,0.235,0.238,0.28,0.235,0.278
6,0.24,0.233,0.25,0.296,0.247,0.294
7,0.238,0.23,0.263,0.311,0.259,0.309
8,0.235,0.227,0.282,0.33,0.28,0.329
9,0.232,0.224,0.297,0.346,0.294,0.344
10,0.231,0.222,0.307,0.359,0.305,0.358
11,0.23,0.221,0.31,0.362,0.308,0.36
12,0.23,0.221,0.313,0.364,0.311,0.362
13,0.23,0.222,0.311,0.36,0.308,0.358
14,0.229,0.22,0.319,0.368,0.317,0.367
15,0.229,0.221,0.319,0.367,0.317,0.365
16,0.228,0.22,0.324,0.372,0.321,0.371
17,0.226,0.217,0.335,0.385,0.332,0.383
18,0.226,0.218,0.334,0.383,0.331,0.381
19,0.224,0.215,0.348,0.399,0.345,0.397
20,0.224,0.215,0.347,0.396,0.344,0.394
21,0.224,0.215,0.347,0.396,0.344,0.394
22,0.224,0.216,0.346,0.394,0.343,0.392
23,0.223,0.214,0.353,0.405,0.35,0.403
24,0.223,0.214,0.353,0.403,0.35,0.402
25,0.222,0.213,0.359,0.41,0.357,0.409
26,0.222,0.213,0.358,0.408,0.356,0.406
27,0.221,0.211,0.366,0.418,0.363,0.417
28,0.219,0.209,0.376,0.431,0.373,0.429
29,0.219,0.209,0.375,0.429,0.372,0.428
30,0.219,0.21,0.374,0.426,0.371,0.425
31,0.22,0.21,0.373,0.424,0.37,0.423
32,0.218,0.209,0.383,0.433,0.38,0.432
33,0.217,0.208,0.384,0.436,0.382,0.435
34,0.218,0.208,0.384,0.434,0.382,0.433
35,0.217,0.207,0.388,0.44,0.386,0.439
36,0.217,0.207,0.388,0.442,0.386,0.441
37,0.217,0.207,0.388,0.444,0.386,0.443
38,0.216,0.205,0.395,0.451,0.393,0.45
39,0.215,0.204,0.398,0.456,0.396,0.455
40,0.214,0.203,0.404,0.465,0.402,0.464
41,0.213,0.202,0.408,0.469,0.406,0.468
42,0.213,0.201,0.41,0.473,0.409,0.472
43,0.212,0.2,0.416,0.479,0.415,0.478
44,0.211,0.199,0.421,0.484,0.419,0.484
45,0.21,0.198,0.425,0.488,0.423,0.487
46,0.209,0.197,0.429,0.494,0.427,0.493
47,0.208,0.195,0.438,0.503,0.436,0.503
48,0.207,0.194,0.44,0.507,0.438,0.506
49,0.207,0.194,0.441,0.509,0.439,0.508
50,0.207,0.194,0.443,0.511,0.441,0.51
51,0.206,0.192,0.446,0.518,0.444,0.518
52,0.206,0.191,0.449,0.523,0.447,0.522
53,0.206,0.191,0.448,0.524,0.447,0.523
54,0.206,0.191,0.449,0.524,0.448,0.524
55,0.205,0.191,0.451,0.526,0.45,0.526
56,0.205,0.19,0.453,0.529,0.451,0.528
57,0.204,0.189,0.456,0.533,0.455,0.533
58,0.203,0.188,0.46,0.538,0.459,0.538
59,0.203,0.188,0.463,0.541,0.462,0.541
60,0.201,0.186,0.472,0.551,0.471,0.55
61,0.201,0.185,0.475,0.556,0.474,0.555
62,0.199,0.182,0.484,0.566,0.483,0.566
63,0.198,0.182,0.487,0.57,0.486,0.57
64,0.198,0.181,0.488,0.572,0.487,0.572
65,0.197,0.179,0.494,0.582,0.493,0.581
66,0.196,0.178,0.497,0.587,0.496,0.586
67,0.196,0.178,0.499,0.589,0.498,0.589
68,0.196,0.177,0.5,0.59,0.499,0.59
69,0.195,0.176,0.506,0.597,0.505,0.597
70,0.194,0.175,0.507,0.602,0.507,0.601
71,0.194,0.174,0.51,0.605,0.51,0.605
72,0.193,0.173,0.513,0.608,0.512,0.608
73,0.193,0.173,0.513,0.611,0.513,0.611
74,0.193,0.172,0.514,0.613,0.514,0.613
75,0.193,0.173,0.513,0.61,0.512,0.61
76,0.193,0.173,0.513,0.611,0.513,0.611
77,0.191,0.171,0.522,0.618,0.521,0.618
78,0.191,0.171,0.523,0.62,0.523,0.619
79,0.19,0.169,0.528,0.626,0.528,0.626
80,0.189,0.168,0.534,0.631,0.533,0.63
81,0.188,0.167,0.538,0.637,0.538,0.637
82,0.188,0.167,0.54,0.638,0.539,0.638
83,0.187,0.166,0.542,0.642,0.542,0.642
84,0.187,0.165,0.545,0.645,0.544,0.644
85,0.187,0.165,0.545,0.645,0.544,0.645
86,0.187,0.165,0.545,0.646,0.544,0.646
87,0.186,0.164,0.548,0.65,0.547,0.65
88,0.186,0.163,0.549,0.652,0.549,0.651
89,0.185,0.162,0.551,0.656,0.55,0.656
90,0.185,0.162,0.552,0.659,0.552,0.659
91,0.185,0.161,0.554,0.662,0.554,0.662
92,0.185,0.161,0.555,0.664,0.555,0.664
93,0.184,0.16,0.556,0.665,0.556,0.665
94,0.184,0.16,0.558,0.667,0.558,0.667
95,0.184,0.159,0.559,0.669,0.559,0.669
96,0.184,0.159,0.56,0.671,0.56,0.671
97,0.183,0.158,0.563,0.675,0.563,0.675
98,0.182,0.157,0.566,0.68,0.566,0.68
99,0.182,0.156,0.568,0.683,0.568,0.682
100,0.181,0.155,0.57,0.685,0.57,0.685
101,0.181,0.155,0.571,0.685,0.57,0.685
102,0.181,0.155,0.57,0.686,0.57,0.686
103,0.181,0.155,0.571,0.687,0.571,0.687
104,0.181,0.154,0.572,0.689,0.572,0.689
105,0.181,0.154,0.572,0.691,0.572,0.691
106,0.181,0.153,0.573,0.693,0.573,0.693
107,0.181,0.153,0.574,0.693,0.574,0.693
108,0.181,0.153,0.575,0.696,0.574,0.696
109,0.18,0.151,0.578,0.701,0.577,0.701
110,0.18,0.151,0.578,0.701,0.577,0.701
111,0.18,0.151,0.578,0.702,0.577,0.702
112,0.179,0.15,0.58,0.705,0.58,0.705
113,0.179,0.149,0.583,0.709,0.583,0.709
114,0.178,0.149,0.584,0.711,0.584,0.711
115,0.178,0.148,0.585,0.713,0.585,0.713
116,0.178,0.148,0.586,0.714,0.586,0.713
117,0.178,0.148,0.588,0.715,0.587,0.715
118,0.177,0.147,0.59,0.718,0.589,0.718
119,0.177,0.146,0.59,0.72,0.59,0.72
120,0.177,0.146,0.591,0.722,0.591,0.722
121,0.177,0.145,0.593,0.724,0.593,0.724
122,0.176,0.145,0.594,0.725,0.594,0.725
123,0.176,0.145,0.594,0.727,0.593,0.727
124,0.176,0.144,0.595,0.728,0.594,0.728
125,0.176,0.144,0.595,0.729,0.594,0.729
126,0.176,0.144,0.596,0.73,0.596,0.73
127,0.175,0.143,0.598,0.732,0.598,0.732
128,0.175,0.143,0.598,0.733,0.598,0.733
129,0.175,0.142,0.6,0.735,0.6,0.735
130,0.175,0.143,0.6,0.735,0.6,0.735
131,0.175,0.142,0.601,0.737,0.601,0.737
132,0.175,0.141,0.602,0.739,0.602,0.739
133,0.174,0.141,0.603,0.741,0.603,0.741
134,0.174,0.141,0.603,0.742,0.603,0.742
135,0.174,0.14,0.605,0.743,0.604,0.743
136,0.174,0.14,0.606,0.744,0.605,0.744
137,0.174,0.14,0.606,0.745,0.606,0.745
138,0.173,0.139,0.607,0.747,0.607,0.747
139,0.173,0.139,0.608,0.748,0.608,0.748
140,0.173,0.139,0.609,0.749,0.608,0.749
141,0.173,0.138,0.61,0.751,0.61,0.751
142,0.173,0.138,0.611,0.752,0.611,0.752
143,0.172,0.137,0.613,0.754,0.612,0.754
144,0.172,0.137,0.613,0.754,0.613,0.754
145,0.172,0.137,0.613,0.755,0.613,0.755
146,0.172,0.137,0.614,0.756,0.613,0.756
147,0.172,0.136,0.616,0.758,0.615,0.758
148,0.171,0.136,0.616,0.76,0.616,0.76
149,0.171,0.136,0.616,0.76,0.616,0.76
150,0.171,0.135,0.617,0.761,0.617,0.761
151,0.171,0.135,0.618,0.762,0.618,0.762
152,0.171,0.135,0.618,0.763,0.618,0.763
153,0.171,0.134,0.619,0.764,0.619,0.764
154,0.171,0.134,0.62,0.765,0.62,0.765
155,0.17,0.134,0.62,0.766,0.62,0.766
156,0.17,0.134,0.62,0.767,0.62,0.767
157,0.17,0.133,0.621,0.768,0.621,0.768
158,0.17,0.133,0.621,0.769,0.621,0.769
159,0.17,0.133,0.621,0.77,0.621,0.77
160,0.17,0.133,0.622,0.771,0.622,0.771
161,0.17,0.133,0.621,0.77,0.621,0.77
162,0.17,0.132,0.622,0.772,0.622,0.772
163,0.17,0.132,0.622,0.773,0.622,0.773
164,0.17,0.132,0.622,0.774,0.622,0.774
165,0.17,0.131,0.623,0.774,0.622,0.774
166,0.17,0.131,0.624,0.776,0.624,0.776
167,0.17,0.131,0.624,0.777,0.624,0.777
168,0.169,0.131,0.625,0.778,0.625,0.777
169,0.169,0.13,0.626,0.778,0.625,0.778
170,0.169,0.13,0.626,0.778,0.626,0.778
171,0.169,0.13,0.627,0.78,0.627,0.78
172,0.169,0.129,0.628,0.782,0.628,0.782
173,0.168,0.129,0.63,0.783,0.63,0.783
174,0.168,0.129,0.631,0.784,0.63,0.784
175,0.168,0.128,0.631,0.785,0.631,0.785
176,0.168,0.128,0.632,0.786,0.632,0.786
177,0.168,0.128,0.632,0.787,0.632,0.787
178,0.168,0.128,0.633,0.787,0.632,0.787
179,0.168,0.127,0.632,0.788,0.632,0.788
180,0.168,0.127,0.632,0.789,0.632,0.789
181,0.168,0.127,0.633,0.789,0.632,0.789
182,0.168,0.127,0.633,0.79,0.633,0.79
183,0.167,0.127,0.635,0.791,0.634,0.791
184,0.167,0.126,0.636,0.792,0.635,0.792
185,0.167,0.126,0.636,0.793,0.636,0.793
186,0.167,0.126,0.637,0.793,0.637,0.793
187,0.167,0.126,0.638,0.794,0.637,0.794
188,0.167,0.126,0.638,0.794,0.638,0.794
189,0.166,0.125,0.639,0.795,0.638,0.795
190,0.166,0.125,0.639,0.796,0.638,0.796
191,0.166,0.125,0.639,0.796,0.638,0.796
192,0.166,0.125,0.639,0.797,0.639,0.797
193,0.166,0.125,0.64,0.797,0.639,0.797
194,0.166,0.125,0.64,0.797,0.639,0.797
195,0.166,0.124,0.64,0.799,0.64,0.799
196,0.166,0.124,0.64,0.799,0.64,0.799
197,0.166,0.124,0.641,0.8,0.64,0.8
198,0.166,0.124,0.641,0.801,0.641,0.8
199,0.165,0.123,0.642,0.802,0.642,0.802
200,0.165,0.123,0.643,0.803,0.643,0.803
201,0.165,0.123,0.644,0.803,0.643,0.803
202,0.165,0.123,0.644,0.803,0.644,0.803
203,0.165,0.123,0.644,0.804,0.644,0.804
204,0.165,0.122,0.644,0.805,0.644,0.805
205,0.165,0.122,0.645,0.805,0.645,0.805
206,0.165,0.122,0.645,0.805,0.645,0.805
207,0.165,0.122,0.646,0.806,0.645,0.806
208,0.165,0.122,0.646,0.806,0.646,0.806
209,0.165,0.122,0.646,0.806,0.646,0.806
210,0.164,0.122,0.646,0.806,0.646,0.806
211,0.164,0.122,0.647,0.806,0.647,0.806
212,0.164,0.122,0.647,0.806,0.647,0.806
213,0.164,0.122,0.648,0.807,0.647,0.807
214,0.164,0.121,0.648,0.808,0.647,0.808
215,0.164,0.121,0.648,0.809,0.648,0.809
216,0.164,0.121,0.648,0.809,0.648,0.809
217,0.164,0.121,0.648,0.809,0.648,0.809
218,0.164,0.121,0.648,0.81,0.648,0.81
219,0.164,0.12,0.649,0.811,0.649,0.811
220,0.164,0.12,0.649,0.811,0.649,0.811
221,0.164,0.12,0.649,0.811,0.649,0.811
222,0.164,0.121,0.649,0.81,0.649,0.81
223,0.164,0.121,0.649,0.81,0.648,0.81
224,0.164,0.12,0.649,0.811,0.649,0.811
225,0.164,0.12,0.65,0.811,0.65,0.811
226,0.164,0.12,0.65,0.812,0.65,0.812
227,0.164,0.12,0.65,0.812,0.65,0.812
228,0.164,0.12,0.649,0.813,0.649,0.813
229,0.164,0.12,0.65,0.813,0.65,0.813
230,0.164,0.12,0.65,0.813,0.649,0.813
231,0.164,0.119,0.65,0.814,0.649,0.814
232,0.164,0.119,0.65,0.815,0.65,0.815
233,0.164,0.119,0.65,0.815,0.65,0.815
234,0.164,0.119,0.65,0.815,0.65,0.815
235,0.164,0.119,0.651,0.816,0.65,0.816
236,0.164,0.119,0.65,0.816,0.65,0.816
237,0.164,0.119,0.65,0.816,0.65,0.816
238,0.163,0.119,0.652,0.817,0.651,0.817
239,0.163,0.118,0.652,0.817,0.652,0.817
240,0.163,0.118,0.652,0.818,0.652,0.818
241,0.163,0.118,0.652,0.818,0.652,0.818
242,0.163,0.118,0.652,0.818,0.652,0.818
243,0.163,0.118,0.653,0.819,0.652,0.819
244,0.163,0.118,0.652,0.819,0.652,0.819
245,0.163,0.118,0.652,0.819,0.652,0.819
246,0.163,0.118,0.652,0.819,0.652,0.819
247,0.163,0.118,0.652,0.82,0.652,0.82
248,0.163,0.117,0.653,0.82,0.653,0.82
249,0.163,0.117,0.653,0.82,0.653,0.82
250,0.163,0.117,0.653,0.821,0.653,0.821
251,0.163,0.117,0.654,0.821,0.653,0.821
252,0.163,0.117,0.654,0.821,0.653,0.821
253,0.163,0.117,0.654,0.822,0.653,0.822
254,0.163,0.117,0.654,0.822,0.654,0.822
255,0.163,0.117,0.654,0.823,0.654,0.823
256,0.163,0.116,0.654,0.823,0.654,0.823
257,0.163,0.116,0.654,0.824,0.654,0.824
258,0.163,0.116,0.654,0.824,0.654,0.824
259,0.163,0.116,0.654,0.824,0.654,0.824
260,0.163,0.116,0.655,0.824,0.654,0.824
261,0.163,0.116,0.654,0.824,0.654,0.824
262,0.163,0.116,0.655,0.825,0.654,0.825
263,0.162,0.116,0.655,0.825,0.655,0.825
264,0.162,0.116,0.655,0.826,0.655,0.826
265,0.163,0.116,0.655,0.826,0.655,0.826
266,0.163,0.116,0.655,0.826,0.655,0.826
267,0.162,0.115,0.656,0.826,0.655,0.826
268,0.162,0.115,0.656,0.826,0.655,0.826
269,0.162,0.115,0.656,0.827,0.656,0.827
270,0.162,0.115,0.657,0.828,0.657,0.828
271,0.162,0.115,0.657,0.828,0.657,0.828
272,0.162,0.115,0.657,0.828,0.657,0.828
273,0.162,0.115,0.657,0.828,0.657,0.828
274,0.162,0.115,0.657,0.828,0.657,0.828
275,0.162,0.114,0.658,0.829,0.657,0.829
276,0.162,0.114,0.658,0.829,0.657,0.829
277,0.162,0.114,0.658,0.83,0.658,0.83
278,0.162,0.114,0.658,0.83,0.658,0.83
279,0.162,0.114,0.658,0.83,0.657,0.83
280,0.162,0.114,0.658,0.83,0.657,0.83
281,0.162,0.114,0.658,0.83,0.657,0.83
282,0.162,0.114,0.658,0.831,0.657,0.831
283,0.162,0.114,0.658,0.831,0.658,0.831
284,0.162,0.114,0.658,0.832,0.658,0.832
285,0.162,0.113,0.658,0.832,0.658,0.832
286,0.162,0.113,0.658,0.832,0.658,0.832
287,0.162,0.113,0.658,0.833,0.658,0.832
288,0.162,0.113,0.658,0.833,0.658,0.833
289,0.162,0.113,0.658,0.833,0.658,0.833
290,0.162,0.113,0.658,0.833,0.658,0.833
291,0.162,0.113,0.658,0.834,0.658,0.834
292,0.162,0.113,0.658,0.834,0.658,0.834
293,0.162,0.113,0.658,0.834,0.658,0.834
294,0.162,0.113,0.658,0.834,0.658,0.834
295,0.162,0.113,0.658,0.835,0.658,0.835
296,0.162,0.113,0.659,0.835,0.659,0.835
297,0.162,0.112,0.659,0.835,0.659,0.835
298,0.162,0.112,0.659,0.835,0.659,0.835
299,0.162,0.112,0.659,0.835,0.659,0.835
300,0.162,0.112,0.659,0.836,0.659,0.836
301,0.162,0.112,0.659,0.836,0.658,0.836
302,0.162,0.112,0.659,0.836,0.659,0.836
303,0.162,0.112,0.659,0.837,0.659,0.837
304,0.162,0.112,0.659,0.837,0.659,0.837
305,0.162,0.112,0.659,0.837,0.659,0.837
306,0.162,0.112,0.659,0.837,0.659,0.837
307,0.161,0.111,0.66,0.838,0.66,0.838
308,0.161,0.111,0.66,0.838,0.659,0.838
309,0.161,0.111,0.66,0.838,0.66,0.838
310,0.161,0.111,0.66,0.839,0.66,0.839
311,0.161,0.111,0.66,0.839,0.66,0.839
312,0.161,0.111,0.66,0.839,0.66,0.839
313,0.161,0.111,0.66,0.839,0.66,0.839
314,0.161,0.111,0.661,0.839,0.66,0.839
315,0.161,0.111,0.661,0.84,0.66,0.839
316,0.161,0.111,0.661,0.84,0.66,0.84
317,0.161,0.111,0.661,0.84,0.661,0.84
318,0.161,0.111,0.661,0.84,0.661,0.84
319,0.161,0.111,0.662,0.84,0.661,0.84
320,0.161,0.11,0.662,0.841,0.662,0.841
321,0.161,0.11,0.662,0.841,0.662,0.841
322,0.161,0.11,0.662,0.841,0.662,0.841
323,0.161,0.11,0.662,0.841,0.661,0.841
324,0.161,0.11,0.662,0.841,0.661,0.841
325,0.161,0.11,0.662,0.842,0.662,0.842
326,0.161,0.11,0.662,0.842,0.662,0.842
327,0.161,0.11,0.662,0.842,0.662,0.842
328,0.161,0.11,0.662,0.842,0.662,0.842
329,0.161,0.11,0.662,0.843,0.662,0.843
330,0.161,0.11,0.662,0.843,0.662,0.843
331,0.161,0.11,0.662,0.843,0.662,0.843
332,0.161,0.109,0.663,0.844,0.662,0.844
333,0.161,0.109,0.663,0.844,0.662,0.844
334,0.161,0.109,0.663,0.844,0.663,0.844
335,0.161,0.109,0.663,0.844,0.663,0.844
336,0.161,0.109,0.663,0.844,0.663,0.844
337,0.161,0.109,0.663,0.844,0.663,0.844
338,0.161,0.109,0.663,0.844,0.663,0.844
339,0.161,0.109,0.663,0.845,0.663,0.845
340,0.16,0.109,0.664,0.845,0.664,0.845
341,0.16,0.109,0.664,0.845,0.664,0.845
342,0.16,0.109,0.665,0.846,0.665,0.846
343,0.16,0.109,0.665,0.846,0.665,0.846
344,0.16,0.109,0.666,0.846,0.665,0.846
345,0.16,0.108,0.666,0.847,0.666,0.847
346,0.16,0.108,0.666,0.847,0.665,0.847
347,0.16,0.108,0.666,0.847,0.666,0.847
348,0.16,0.108,0.666,0.847,0.666,0.847
349,0.16,0.108,0.666,0.847,0.666,0.847
350,0.16,0.108,0.666,0.848,0.666,0.848
351,0.16,0.108,0.666,0.848,0.666,0.848
352,0.16,0.108,0.666,0.848,0.666,0.848
353,0.16,0.108,0.666,0.848,0.665,0.848
354,0.16,0.108,0.666,0.848,0.666,0.848
355,0.16,0.108,0.666,0.849,0.666,0.849
356,0.16,0.108,0.666,0.849,0.666,0.849
357,0.16,0.108,0.666,0.849,0.666,0.849
358,0.16,0.108,0.666,0.849,0.666,0.849
359,0.16,0.107,0.667,0.849,0.666,0.849
360,0.16,0.107,0.667,0.85,0.666,0.85
361,0.16,0.107,0.667,0.85,0.667,0.85
362,0.159,0.107,0.668,0.85,0.668,0.85
363,0.159,0.107,0.668,0.851,0.668,0.851
364,0.16,0.107,0.668,0.851,0.667,0.851
365,0.159,0.107,0.668,0.851,0.668,0.851
366,0.159,0.107,0.668,0.851,0.667,0.851
367,0.159,0.107,0.668,0.851,0.668,0.851
368,0.159,0.107,0.668,0.852,0.668,0.852
369,0.159,0.106,0.668,0.852,0.668,0.852
370,0.159,0.106,0.669,0.852,0.668,0.852
371,0.159,0.106,0.669,0.852,0.668,0.852
372,0.159,0.106,0.669,0.852,0.668,0.852
373,0.159,0.106,0.669,0.853,0.668,0.853
374,0.159,0.106,0.669,0.853,0.668,0.853
375,0.159,0.106,0.669,0.853,0.668,0.853
376,0.159,0.106,0.669,0.853,0.669,0.853
377,0.159,0.106,0.669,0.854,0.668,0.853
378,0.159,0.106,0.669,0.854,0.668,0.854
379,0.159,0.106,0.669,0.854,0.668,0.854
380,0.159,0.106,0.669,0.854,0.668,0.854
381,0.159,0.106,0.669,0.854,0.668,0.854
382,0.159,0.106,0.669,0.854,0.668,0.854
383,0.159,0.106,0.669,0.855,0.668,0.854
384,0.159,0.106,0.669,0.855,0.668,0.855
385,0.159,0.106,0.669,0.855,0.668,0.855
386,0.159,0.105,0.669,0.855,0.668,0.855
387,0.159,0.105,0.669,0.855,0.668,0.855
388,0.159,0.105,0.669,0.855,0.668,0.855
389,0.159,0.105,0.669,0.855,0.668,0.855
390,0.159,0.105,0.669,0.855,0.668,0.855
391,0.159,0.105,0.669,0.855,0.668,0.855
392,0.159,0.105,0.668,0.856,0.668,0.856
393,0.159,0.105,0.668,0.856,0.668,0.856
394,0.159,0.105,0.669,0.856,0.668,0.856
395,0.159,0.105,0.669,0.857,0.668,0.857
396,0.159,0.105,0.668,0.857,0.668,0.857
397,0.159,0.105,0.668,0.857,0.668,0.857
398,0.159,0.105,0.668,0.857,0.668,0.857
399,0.159,0.105,0.668,0.857,0.667,0.857
400,0.159,0.105,0.668,0.857,0.668,0.857
401,0.16,0.105,0.668,0.857,0.667,0.857
402,0.16,0.105,0.668,0.857,0.667,0.857
403,0.16,0.105,0.668,0.857,0.667,0.857
404,0.16,0.104,0.668,0.858,0.667,0.858
405,0.16,0.104,0.668,0.858,0.667,0.858
406,0.159,0.104,0.668,0.858,0.668,0.858
407,0.16,0.104,0.668,0.858,0.667,0.858
408,0.159,0.104,0.668,0.858,0.668,0.858
409,0.159,0.104,0.668,0.859,0.668,0.858
410,0.159,0.104,0.668,0.859,0.668,0.859
411,0.159,0.104,0.669,0.859,0.668,0.859
412,0.159,0.104,0.669,0.859,0.668,0.859
413,0.159,0.104,0.669,0.859,0.668,0.859
414,0.159,0.104,0.669,0.859,0.668,0.859
415,0.159,0.104,0.669,0.859,0.669,0.859
416,0.159,0.104,0.669,0.859,0.669,0.859
417,0.159,0.104,0.669,0.86,0.668,0.86
418,0.159,0.104,0.669,0.86,0.668,0.86
419,0.159,0.104,0.669,0.86,0.668,0.86
420,0.159,0.104,0.669,0.86,0.668,0.86
421,0.159,0.104,0.669,0.86,0.669,0.86
422,0.159,0.103,0.669,0.86,0.668,0.86
423,0.159,0.103,0.669,0.86,0.669,0.86
424,0.159,0.103,0.669,0.86,0.668,0.86
425,0.159,0.103,0.669,0.861,0.669,0.861
426,0.159,0.103,0.669,0.861,0.669,0.861
427,0.159,0.103,0.669,0.861,0.669,0.861
428,0.159,0.103,0.669,0.861,0.669,0.861
429,0.159,0.103,0.669,0.861,0.669,0.861
430,0.159,0.103,0.669,0.861,0.669,0.861
431,0.159,0.103,0.669,0.861,0.669,0.861
432,0.159,0.103,0.669,0.861,0.669,0.861
433,0.159,0.103,0.669,0.861,0.669,0.861
434,0.159,0.103,0.669,0.862,0.668,0.861
435,0.159,0.103,0.669,0.862,0.668,0.862
436,0.159,0.103,0.669,0.862,0.668,0.862
437,0.159,0.103,0.669,0.862,0.668,0.862
438,0.159,0.103,0.668,0.862,0.668,0.862
439,0.159,0.103,0.669,0.862,0.668,0.862
440,0.159,0.103,0.669,0.862,0.668,0.862
441,0.159,0.103,0.668,0.862,0.668,0.862
442,0.159,0.103,0.668,0.862,0.668,0.862
443,0.159,0.103,0.668,0.862,0.668,0.862
444,0.159,0.103,0.669,0.863,0.668,0.863
445,0.159,0.103,0.669,0.863,0.668,0.863
446,0.159,0.102,0.669,0.863,0.669,0.863
447,0.159,0.102,0.669,0.863,0.669,0.863
448,0.159,0.102,0.67,0.863,0.669,0.863
449,0.159,0.102,0.67,0.863,0.669,0.863
450,0.159,0.102,0.67,0.863,0.669,0.863
451,0.159,0.102,0.67,0.863,0.669,0.863
452,0.159,0.102,0.67,0.864,0.669,0.863
453,0.159,0.102,0.67,0.864,0.669,0.864
454,0.159,0.102,0.669,0.864,0.669,0.864
455,0.159,0.102,0.669,0.864,0.669,0.864
456,0.159,0.102,0.669,0.864,0.669,0.864
457,0.159,0.102,0.669,0.864,0.669,0.864
458,0.159,0.102,0.669,0.864,0.669,0.864
459,0.159,0.102,0.669,0.864,0.669,0.864
460,0.159,0.102,0.669,0.864,0.669,0.864
461,0.159,0.102,0.669,0.864,0.669,0.864
462,0.159,0.102,0.669,0.864,0.669,0.864
463,0.159,0.102,0.669,0.865,0.669,0.864
464,0.159,0.102,0.669,0.865,0.668,0.864
465,0.159,0.102,0.669,0.865,0.669,0.865
466,0.159,0.102,0.669,0.865,0.669,0.865
467,0.159,0.102,0.669,0.865,0.669,0.865
468,0.159,0.102,0.669,0.865,0.669,0.865
469,0.159,0.102,0.669,0.865,0.669,0.865
470,0.159,0.102,0.669,0.865,0.669,0.865
471,0.159,0.102,0.67,0.865,0.669,0.865
472,0.159,0.102,0.67,0.866,0.669,0.865
473,0.159,0.102,0.67,0.865,0.669,0.865
474,0.159,0.102,0.67,0.865,0.67,0.865
475,0.159,0.102,0.67,0.865,0.669,0.865
476,0.159,0.102,0.67,0.865,0.669,0.865
477,0.159,0.102,0.67,0.865,0.669,0.865
478,0.159,0.102,0.67,0.865,0.669,0.865
479,0.159,0.102,0.67,0.865,0.669,0.865
480,0.159,0.102,0.67,0.866,0.67,0.865
481,0.159,0.101,0.67,0.866,0.67,0.866
482,0.159,0.101,0.67,0.866,0.67,0.866
483,0.159,0.101,0.67,0.866,0.67,0.866
484,0.159,0.101,0.67,0.866,0.67,0.866
485,0.159,0.101,0.67,0.866,0.67,0.866
486,0.159,0.101,0.67,0.866,0.669,0.866
487,0.159,0.101,0.67,0.866,0.669,0.866
488,0.159,0.101,0.67,0.866,0.669,0.866
489,0.159,0.101,0.67,0.866,0.669,0.866
490,0.159,0.101,0.67,0.867,0.669,0.867
491,0.159,0.101,0.67,0.867,0.669,0.867
492,0.159,0.101,0.67,0.867,0.67,0.867
493,0.159,0.101,0.67,0.867,0.67,0.867
494,0.159,0.101,0.67,0.867,0.669,0.867
495,0.159,0.101,0.67,0.867,0.67,0.867
496,0.159,0.101,0.67,0.867,0.67,0.867
497,0.159,0.101,0.67,0.868,0.67,0.868
498,0.159,0.101,0.67,0.868,0.67,0.868
499,0.159,0.101,0.67,0.868,0.67,0.868
0,0.1589,0.1007,0.6704,0.8677,0.6699,0.8677
1,0.1588,0.1007,0.6706,0.8678,0.6702,0.8678
2,0.1588,0.1006,0.6709,0.8681,0.6705,0.868
3,0.1588,0.1006,0.6708,0.8681,0.6703,0.868
4,0.1588,0.1005,0.6707,0.8682,0.6703,0.8682
5,0.1588,0.1005,0.6707,0.8684,0.6703,0.8683
6,0.1588,0.1004,0.6706,0.8684,0.6702,0.8683
7,0.1589,0.1004,0.6704,0.8685,0.67,0.8685
8,0.1589,0.1004,0.6703,0.8686,0.6699,0.8685
9,0.1589,0.1003,0.6703,0.8687,0.6699,0.8686
10,0.159,0.1003,0.6701,0.8687,0.6696,0.8687
11,0.159,0.1003,0.6701,0.8688,0.6696,0.8687
12,0.159,0.1003,0.6701,0.8689,0.6697,0.8688
13,0.159,0.1002,0.6701,0.869,0.6697,0.8689
14,0.1589,0.1001,0.6703,0.8692,0.6699,0.8691
15,0.1589,0.1001,0.6704,0.8692,0.67,0.8692
16,0.1589,0.1001,0.6704,0.8693,0.67,0.8693
17,0.1589,0.1,0.6704,0.8694,0.67,0.8694
18,0.1588,0.1,0.6707,0.8695,0.6703,0.8695
19,0.1588,0.1,0.6707,0.8696,0.6703,0.8696
20,0.1588,0.0999,0.6706,0.8697,0.6702,0.8697
21,0.1588,0.0999,0.6707,0.8698,0.6702,0.8697
22,0.1588,0.0999,0.6707,0.8699,0.6703,0.8698
23,0.1588,0.0999,0.6709,0.8699,0.6704,0.8698
24,0.1588,0.0998,0.6708,0.87,0.6704,0.8699
25,0.1588,0.0998,0.6708,0.87,0.6704,0.87
26,0.1588,0.0998,0.6707,0.8701,0.6703,0.87
27,0.1587,0.0997,0.6711,0.8702,0.6707,0.8702
28,0.1587,0.0997,0.6711,0.8703,0.6707,0.8702
29,0.1587,0.0997,0.6712,0.8703,0.6708,0.8703
30,0.1587,0.0997,0.671,0.8703,0.6706,0.8703
31,0.1588,0.0997,0.6708,0.8704,0.6704,0.8703
32,0.1588,0.0996,0.6707,0.8705,0.6703,0.8704
33,0.1588,0.0996,0.6709,0.8707,0.6705,0.8706
34,0.1588,0.0995,0.6709,0.8708,0.6705,0.8707
35,0.1588,0.0995,0.6708,0.8709,0.6704,0.8708
36,0.1588,0.0994,0.6708,0.871,0.6704,0.8709
37,0.1587,0.0994,0.6711,0.8711,0.6707,0.871
38,0.1587,0.0994,0.6711,0.8711,0.6707,0.871
39,0.1587,0.0994,0.6711,0.8712,0.6707,0.8711
40,0.1587,0.0993,0.671,0.8713,0.6706,0.8712
41,0.1587,0.0993,0.671,0.8713,0.6706,0.8712
42,0.1587,0.0993,0.671,0.8714,0.6706,0.8713
43,0.1587,0.0993,0.6712,0.8715,0.6708,0.8714
44,0.1587,0.0992,0.671,0.8716,0.6706,0.8715
45,0.1587,0.0992,0.6711,0.8716,0.6707,0.8716
46,0.1588,0.0992,0.6709,0.8717,0.6705,0.8716
47,0.1587,0.0991,0.671,0.8718,0.6706,0.8718
48,0.1587,0.0991,0.671,0.8719,0.6706,0.8718
49,0.1587,0.0993,0.671,0.8713,0.6706,0.8712
50,0.1587,0.0993,0.6712,0.8713,0.6708,0.8713
51,0.1587,0.0993,0.6711,0.8714,0.6707,0.8713
52,0.1587,0.0993,0.6711,0.8715,0.6707,0.8714
53,0.1587,0.0992,0.6712,0.8716,0.6708,0.8715
54,0.1587,0.0992,0.6711,0.8716,0.6707,0.8716
55,0.1587,0.0992,0.6712,0.8717,0.6708,0.8716
56,0.1586,0.0991,0.6714,0.8719,0.671,0.8718
57,0.1587,0.099,0.6713,0.8721,0.6709,0.872
58,0.1586,0.099,0.6715,0.8722,0.6711,0.8721
59,0.1586,0.099,0.6715,0.8722,0.6711,0.8722
60,0.1586,0.0989,0.6716,0.8724,0.6713,0.8723
61,0.1586,0.0989,0.6718,0.8725,0.6714,0.8725
62,0.1585,0.0988,0.6718,0.8727,0.6714,0.8726
63,0.1586,0.0988,0.6718,0.8727,0.6714,0.8727
64,0.1586,0.0988,0.6717,0.8728,0.6713,0.8727
65,0.1585,0.0987,0.6718,0.8729,0.6714,0.8728
66,0.1586,0.0987,0.6718,0.873,0.6714,0.8729
67,0.1585,0.0987,0.672,0.873,0.6716,0.873
68,0.1585,0.0986,0.672,0.8732,0.6716,0.8731
69,0.1585,0.0986,0.672,0.8733,0.6716,0.8732
70,0.1585,0.0985,0.672,0.8734,0.6717,0.8734
71,0.1585,0.0985,0.6721,0.8735,0.6717,0.8735
72,0.1585,0.0985,0.6721,0.8736,0.6717,0.8735
73,0.1585,0.0984,0.6721,0.8737,0.6717,0.8736
74,0.1584,0.0983,0.6722,0.8739,0.6719,0.8738
75,0.1584,0.0983,0.6724,0.8739,0.672,0.8739
76,0.1584,0.0983,0.6724,0.8741,0.672,0.874
77,0.1584,0.0982,0.6724,0.8741,0.672,0.874
78,0.1584,0.0982,0.6725,0.8742,0.6721,0.8741
79,0.1584,0.0982,0.6724,0.8743,0.672,0.8742
80,0.1584,0.0982,0.6724,0.8743,0.672,0.8743
81,0.1584,0.0981,0.6724,0.8744,0.672,0.8743
82,0.1585,0.0981,0.6722,0.8744,0.6718,0.8743
83,0.1584,0.0981,0.6723,0.8745,0.6719,0.8744
84,0.1585,0.0981,0.6722,0.8745,0.6718,0.8745
85,0.1585,0.098,0.6721,0.8746,0.6718,0.8746
86,0.1585,0.098,0.6721,0.8747,0.6717,0.8746
87,0.1585,0.098,0.6722,0.8747,0.6718,0.8746
88,0.1584,0.098,0.6722,0.8748,0.6718,0.8747
89,0.1584,0.098,0.6723,0.8749,0.6719,0.8748
90,0.1584,0.0979,0.6723,0.8751,0.672,0.875
91,0.1583,0.0978,0.6727,0.8752,0.6723,0.8752
92,0.1584,0.0978,0.6726,0.8752,0.6722,0.8752
93,0.1583,0.0978,0.6729,0.8753,0.6725,0.8753
94,0.1583,0.0977,0.6728,0.8754,0.6724,0.8753
95,0.1583,0.0977,0.6727,0.8755,0.6724,0.8754
96,0.1584,0.0977,0.6726,0.8756,0.6722,0.8755
97,0.1583,0.0976,0.6727,0.8757,0.6723,0.8756
98,0.1584,0.0976,0.6726,0.8757,0.6722,0.8756
99,0.1584,0.0976,0.6726,0.8758,0.6722,0.8757
100,0.1583,0.0975,0.6727,0.876,0.6723,0.8759
101,0.1583,0.0975,0.6727,0.876,0.6723,0.876
102,0.1583,0.0975,0.6727,0.8761,0.6723,0.876
103,0.1583,0.0974,0.6727,0.8762,0.6723,0.8761
104,0.1584,0.0974,0.6726,0.8763,0.6722,0.8762
105,0.1583,0.0974,0.6727,0.8764,0.6723,0.8763
106,0.1583,0.0973,0.6729,0.8765,0.6725,0.8764
107,0.1583,0.0973,0.6728,0.8765,0.6724,0.8764
108,0.1583,0.0973,0.6728,0.8765,0.6724,0.8765
109,0.1583,0.0972,0.6729,0.8766,0.6725,0.8766
110,0.1583,0.0972,0.6727,0.8767,0.6723,0.8766
111,0.1584,0.0972,0.6725,0.8768,0.6721,0.8767
112,0.1584,0.0972,0.6725,0.8769,0.6721,0.8768
113,0.1584,0.0972,0.6725,0.8769,0.6721,0.8768
114,0.1584,0.0971,0.6725,0.877,0.6721,0.8769
115,0.1584,0.0971,0.6725,0.877,0.6721,0.8769
116,0.1584,0.0971,0.6725,0.8771,0.6721,0.877
117,0.1584,0.0971,0.6723,0.8771,0.6719,0.877
118,0.1584,0.097,0.6725,0.8773,0.6721,0.8772
119,0.1584,0.097,0.6726,0.8773,0.6722,0.8772
120,0.1584,0.0969,0.6724,0.8774,0.672,0.8773
121,0.1584,0.0969,0.6724,0.8774,0.672,0.8773
122,0.1584,0.0969,0.6723,0.8774,0.6719,0.8774
123,0.1584,0.0969,0.6723,0.8775,0.6719,0.8774
124,0.1584,0.0969,0.6723,0.8776,0.6719,0.8775
125,0.1584,0.0969,0.6724,0.8776,0.672,0.8776
126,0.1584,0.0969,0.6725,0.8777,0.6721,0.8776
127,0.1584,0.0968,0.6726,0.8777,0.6722,0.8777
128,0.1583,0.0968,0.6727,0.8778,0.6723,0.8777
129,0.1583,0.0967,0.673,0.878,0.6726,0.8779
130,0.1582,0.0967,0.6731,0.8781,0.6727,0.878
131,0.1582,0.0967,0.6733,0.8782,0.6729,0.8781
132,0.1582,0.0966,0.6731,0.8782,0.6727,0.8781
133,0.1583,0.0966,0.673,0.8783,0.6727,0.8782
134,0.1583,0.0966,0.673,0.8784,0.6726,0.8783
135,0.1583,0.0965,0.6729,0.8785,0.6725,0.8784
136,0.1583,0.0965,0.6728,0.8786,0.6724,0.8785
137,0.1583,0.0965,0.6728,0.8786,0.6724,0.8785
138,0.1583,0.0965,0.6727,0.8787,0.6723,0.8786
139,0.1583,0.0964,0.6727,0.8787,0.6723,0.8786
140,0.1583,0.0964,0.6727,0.8788,0.6723,0.8787
141,0.1583,0.0964,0.6729,0.8789,0.6725,0.8788
142,0.1583,0.0963,0.6729,0.879,0.6725,0.8789
143,0.1583,0.0963,0.6729,0.879,0.6725,0.879
144,0.1583,0.0963,0.6729,0.879,0.6725,0.879
145,0.1583,0.0966,0.6728,0.8784,0.6724,0.8783
146,0.1583,0.0966,0.6727,0.8784,0.6723,0.8783
147,0.1584,0.0965,0.6725,0.8784,0.6721,0.8784
148,0.1584,0.0965,0.6723,0.8785,0.672,0.8784
149,0.1585,0.0965,0.6722,0.8785,0.6718,0.8784
150,0.1584,0.0965,0.6723,0.8785,0.6719,0.8784
151,0.1586,0.0967,0.6717,0.878,0.6714,0.878
152,0.1586,0.0967,0.6717,0.8781,0.6713,0.878
153,0.1586,0.0967,0.6716,0.8781,0.6712,0.878
154,0.1586,0.0966,0.6716,0.8782,0.6712,0.8781
155,0.1586,0.0966,0.6715,0.8782,0.6711,0.8781
156,0.1586,0.0966,0.6715,0.8782,0.6711,0.8781
157,0.1586,0.0966,0.6714,0.8783,0.671,0.8782
158,0.1586,0.0966,0.6714,0.8783,0.671,0.8783
159,0.1586,0.0966,0.6714,0.8784,0.671,0.8783
160,0.1586,0.0965,0.6718,0.8784,0.6714,0.8784
161,0.1586,0.0965,0.6716,0.8785,0.6713,0.8784
162,0.1586,0.0965,0.6718,0.8786,0.6714,0.8785
163,0.1586,0.0965,0.6716,0.8786,0.6713,0.8785
164,0.1586,0.0965,0.6716,0.8787,0.6712,0.8786
165,0.1586,0.0964,0.6717,0.8787,0.6713,0.8786
166,0.1586,0.0964,0.6717,0.8788,0.6713,0.8787
167,0.1586,0.0964,0.6716,0.8788,0.6713,0.8787
168,0.1586,0.0964,0.6715,0.8789,0.6711,0.8788
169,0.1586,0.0964,0.6714,0.8789,0.671,0.8788
170,0.1586,0.0963,0.6715,0.879,0.6711,0.8789
171,0.1586,0.0963,0.6716,0.879,0.6713,0.8789
172,0.1586,0.0963,0.6716,0.8791,0.6712,0.879
173,0.1586,0.0963,0.6715,0.8791,0.6711,0.879
174,0.1586,0.0962,0.6717,0.8793,0.6713,0.8792
175,0.1586,0.0962,0.6716,0.8793,0.6712,0.8792
176,0.1586,0.0962,0.6716,0.8793,0.6712,0.8792
177,0.1586,0.0962,0.6715,0.8794,0.6711,0.8793
178,0.1586,0.0962,0.6715,0.8794,0.6711,0.8793
179,0.1586,0.0961,0.6715,0.8795,0.6711,0.8794
180,0.1587,0.0961,0.6714,0.8795,0.671,0.8794
181,0.1586,0.096,0.6714,0.8797,0.671,0.8796
182,0.1587,0.096,0.6714,0.8797,0.671,0.8796
183,0.1586,0.096,0.6714,0.8798,0.671,0.8797
184,0.1587,0.096,0.6714,0.8799,0.671,0.8798
185,0.1586,0.0959,0.6714,0.88,0.671,0.8799
186,0.1587,0.0959,0.6713,0.88,0.6709,0.88
187,0.1587,0.0959,0.6713,0.8801,0.6709,0.88
188,0.1587,0.0959,0.6712,0.8801,0.6708,0.88
189,0.1587,0.0959,0.6711,0.8802,0.6708,0.8801
190,0.1587,0.0958,0.6711,0.8802,0.6707,0.8802
191,0.1587,0.0958,0.671,0.8803,0.6706,0.8802
192,0.1587,0.0958,0.671,0.8803,0.6706,0.8802
193,0.1587,0.0958,0.671,0.8803,0.6706,0.8802
194,0.1588,0.0958,0.671,0.8803,0.6706,0.8802
195,0.1588,0.0958,0.6709,0.8803,0.6705,0.8802
196,0.1587,0.0958,0.671,0.8804,0.6706,0.8803
197,0.1587,0.0957,0.6712,0.8805,0.6708,0.8804
198,0.1587,0.0957,0.6712,0.8806,0.6709,0.8805
199,0.1587,0.0956,0.6713,0.8808,0.6709,0.8807
200,0.1587,0.0956,0.6713,0.8808,0.6709,0.8807
201,0.1587,0.0956,0.6713,0.8808,0.6709,0.8808
202,0.1587,0.0956,0.6713,0.8809,0.6709,0.8808
203,0.1587,0.0956,0.6712,0.8809,0.6708,0.8808
204,0.1587,0.0955,0.6712,0.881,0.6708,0.8809
205,0.1587,0.0955,0.6711,0.881,0.6707,0.8809
206,0.1587,0.0955,0.6711,0.8811,0.6707,0.881
207,0.1587,0.0955,0.671,0.8811,0.6706,0.881
208,0.1588,0.0954,0.671,0.8812,0.6706,0.8811
209,0.1588,0.0954,0.6709,0.8813,0.6705,0.8812
210,0.1588,0.0954,0.6709,0.8813,0.6705,0.8812
211,0.1587,0.0954,0.671,0.8814,0.6706,0.8813
212,0.1587,0.0954,0.671,0.8814,0.6706,0.8813
213,0.1588,0.0953,0.6709,0.8815,0.6705,0.8814
214,0.1588,0.0953,0.671,0.8815,0.6706,0.8814
215,0.1588,0.0953,0.6709,0.8816,0.6705,0.8815
216,0.1588,0.0953,0.6708,0.8816,0.6704,0.8815
217,0.1588,0.0953,0.6709,0.8816,0.6705,0.8815
218,0.1588,0.0952,0.6709,0.8817,0.6705,0.8816
219,0.1587,0.0952,0.6711,0.8818,0.6708,0.8817
220,0.1587,0.0952,0.6711,0.8818,0.6708,0.8817
221,0.1587,0.0952,0.6711,0.8819,0.6707,0.8818
222,0.1587,0.0952,0.6711,0.8819,0.6707,0.8818
223,0.1588,0.0952,0.671,0.8819,0.6706,0.8818
224,0.1588,0.0952,0.6709,0.8819,0.6705,0.8818
225,0.1588,0.0951,0.6709,0.882,0.6705,0.8819
226,0.1588,0.0951,0.6708,0.8821,0.6704,0.882
227,0.1588,0.0951,0.6708,0.8822,0.6703,0.8821
228,0.1588,0.095,0.6707,0.8822,0.6703,0.8821
229,0.1588,0.095,0.6706,0.8822,0.6702,0.8821
230,0.1588,0.095,0.6707,0.8823,0.6703,0.8822
231,0.1588,0.095,0.6706,0.8823,0.6702,0.8822
232,0.1588,0.095,0.6707,0.8823,0.6703,0.8822
233,0.1588,0.095,0.6707,0.8824,0.6703,0.8823
234,0.1588,0.095,0.6707,0.8824,0.6703,0.8823
235,0.1588,0.095,0.6707,0.8824,0.6703,0.8823
236,0.1588,0.0949,0.6708,0.8825,0.6703,0.8824
237,0.1588,0.0949,0.6707,0.8825,0.6702,0.8824
238,0.1588,0.0949,0.6707,0.8826,0.6702,0.8825
239,0.1588,0.0949,0.6707,0.8826,0.6702,0.8825
240,0.1588,0.0949,0.6707,0.8827,0.6703,0.8826
241,0.1588,0.0948,0.6707,0.8827,0.6702,0.8826
242,0.1588,0.0948,0.6706,0.8828,0.6702,0.8827
243,0.1588,0.0948,0.6706,0.8828,0.6702,0.8827
244,0.1588,0.0948,0.6707,0.8828,0.6702,0.8827
245,0.1588,0.0947,0.6706,0.883,0.6702,0.8829
246,0.1588,0.0947,0.6706,0.883,0.6702,0.8829
247,0.1588,0.0947,0.6706,0.8831,0.6702,0.883
248,0.1588,0.0947,0.6706,0.8831,0.6702,0.883
249,0.1588,0.0947,0.6706,0.8832,0.6702,0.883
250,0.1589,0.0947,0.6706,0.8832,0.6702,0.8831
251,0.1589,0.0946,0.6706,0.8832,0.6702,0.8831
252,0.1588,0.0946,0.6707,0.8832,0.6702,0.8831
253,0.1588,0.0946,0.6706,0.8833,0.6702,0.8832
254,0.1589,0.0946,0.6705,0.8833,0.6701,0.8832
255,0.1589,0.0946,0.6705,0.8833,0.6701,0.8832
256,0.1589,0.0946,0.6706,0.8834,0.6702,0.8832
257,0.1588,0.0946,0.6708,0.8834,0.6703,0.8833
258,0.1588,0.0945,0.6706,0.8834,0.6702,0.8833
259,0.1589,0.0945,0.6706,0.8835,0.6701,0.8833
260,0.1589,0.0945,0.6705,0.8835,0.6701,0.8834
261,0.1589,0.0945,0.6706,0.8836,0.6702,0.8834
262,0.1589,0.0945,0.6705,0.8836,0.67,0.8835
263,0.1589,0.0945,0.6704,0.8836,0.67,0.8834
264,0.1588,0.0944,0.6707,0.8837,0.6702,0.8836
265,0.1588,0.0944,0.6707,0.8838,0.6702,0.8837
266,0.1588,0.0944,0.6706,0.8838,0.6702,0.8837
267,0.1589,0.0944,0.6706,0.8839,0.6701,0.8837
268,0.1589,0.0944,0.6705,0.8838,0.6701,0.8837
269,0.1589,0.0944,0.6706,0.8839,0.6702,0.8838
270,0.1589,0.0944,0.6706,0.8839,0.6701,0.8838
271,0.1588,0.0943,0.6707,0.884,0.6702,0.8839
272,0.1588,0.0943,0.6707,0.884,0.6702,0.8838
273,0.1588,0.0943,0.6709,0.8841,0.6704,0.884
274,0.1588,0.0943,0.6708,0.8842,0.6704,0.884
275,0.1588,0.0942,0.6708,0.8842,0.6703,0.8841
276,0.1588,0.0942,0.6707,0.8842,0.6703,0.8841
277,0.1588,0.0942,0.6707,0.8842,0.6702,0.8841
278,0.1589,0.0942,0.6706,0.8843,0.6702,0.8842
279,0.1589,0.0942,0.6705,0.8843,0.6701,0.8842
280,0.1589,0.0942,0.6705,0.8843,0.6701,0.8842
281,0.1589,0.0942,0.6705,0.8843,0.6701,0.8842
282,0.1589,0.0942,0.6705,0.8843,0.6701,0.8842
283,0.1588,0.0941,0.6707,0.8844,0.6703,0.8843
284,0.1588,0.0941,0.6708,0.8845,0.6704,0.8844
285,0.1588,0.0941,0.671,0.8846,0.6706,0.8845
286,0.1588,0.0941,0.6709,0.8846,0.6705,0.8845
287,0.1588,0.0941,0.6708,0.8846,0.6704,0.8845
288,0.1588,0.0941,0.6708,0.8846,0.6704,0.8845
289,0.1588,0.0941,0.6709,0.8846,0.6704,0.8845
290,0.1588,0.0941,0.6708,0.8847,0.6704,0.8845
291,0.1588,0.094,0.6708,0.8847,0.6704,0.8846
292,0.1588,0.094,0.6709,0.8848,0.6705,0.8847
293,0.1588,0.094,0.6709,0.8848,0.6705,0.8847
294,0.1588,0.094,0.6709,0.8849,0.6705,0.8848
295,0.1588,0.0939,0.6709,0.885,0.6705,0.8849
296,0.1587,0.0939,0.6712,0.885,0.6707,0.8849
297,0.1587,0.0939,0.6713,0.8851,0.6709,0.885
298,0.1587,0.0939,0.6713,0.8851,0.6709,0.885
299,0.1587,0.0938,0.6713,0.8852,0.6709,0.8851
300,0.1587,0.0938,0.6711,0.8852,0.6707,0.8851
301,0.1587,0.0938,0.6711,0.8852,0.6707,0.8851
302,0.1587,0.0938,0.6711,0.8852,0.6707,0.8851
303,0.1587,0.0938,0.6711,0.8853,0.6707,0.8852
304,0.1587,0.0938,0.6711,0.8853,0.6707,0.8852
305,0.1587,0.0938,0.671,0.8853,0.6706,0.8852
306,0.1588,0.0938,0.671,0.8853,0.6706,0.8852
307,0.1587,0.0938,0.6711,0.8854,0.6707,0.8853
308,0.1587,0.0937,0.6711,0.8854,0.6707,0.8853
309,0.1588,0.0937,0.6709,0.8855,0.6706,0.8854
310,0.1588,0.0937,0.6708,0.8855,0.6704,0.8854
311,0.1588,0.0937,0.6708,0.8855,0.6704,0.8854
312,0.1588,0.0937,0.6708,0.8856,0.6704,0.8855
313,0.1588,0.0937,0.671,0.8856,0.6706,0.8855
314,0.1587,0.0936,0.671,0.8857,0.6706,0.8856
315,0.1587,0.0936,0.6711,0.8857,0.6707,0.8856
316,0.1587,0.0936,0.671,0.8858,0.6706,0.8857
317,0.1587,0.0936,0.671,0.8858,0.6706,0.8857
318,0.1587,0.0936,0.6711,0.8858,0.6707,0.8857
319,0.1587,0.0935,0.6712,0.8859,0.6708,0.8858
320,0.1587,0.0935,0.6713,0.886,0.6708,0.8859
321,0.1587,0.0935,0.6712,0.8859,0.6708,0.8858
322,0.1587,0.0935,0.6713,0.8859,0.6709,0.8858
323,0.1587,0.0935,0.6712,0.886,0.6708,0.8859
324,0.1587,0.0935,0.6711,0.886,0.6707,0.8859
325,0.1588,0.0935,0.6708,0.8861,0.6704,0.886
326,0.1588,0.0935,0.6708,0.8861,0.6704,0.886
327,0.1588,0.0934,0.6709,0.8861,0.6705,0.8861
328,0.1588,0.0934,0.671,0.8862,0.6706,0.8861
329,0.1588,0.0934,0.671,0.8863,0.6706,0.8862
330,0.1588,0.0934,0.6709,0.8863,0.6705,0.8862
331,0.1588,0.0933,0.6709,0.8864,0.6705,0.8863
332,0.1588,0.0933,0.6708,0.8864,0.6704,0.8863
333,0.1588,0.0933,0.6708,0.8864,0.6704,0.8863
334,0.1588,0.0933,0.6707,0.8864,0.6703,0.8863
335,0.1588,0.0933,0.6707,0.8864,0.6703,0.8863
336,0.1588,0.0933,0.6707,0.8865,0.6703,0.8864
337,0.1588,0.0933,0.6708,0.8865,0.6704,0.8864
338,0.1588,0.0933,0.6707,0.8865,0.6703,0.8864
339,0.1588,0.0933,0.6708,0.8866,0.6704,0.8865
340,0.1587,0.0933,0.671,0.8865,0.6706,0.8865
341,0.1587,0.0933,0.6712,0.8866,0.6708,0.8865
342,0.1587,0.0932,0.6712,0.8867,0.6708,0.8866
343,0.1587,0.0932,0.6711,0.8867,0.6707,0.8866
344,0.1587,0.0932,0.6711,0.8867,0.6707,0.8866
345,0.1587,0.0932,0.6711,0.8867,0.6707,0.8866
346,0.1588,0.0932,0.671,0.8868,0.6706,0.8867
347,0.1588,0.0932,0.671,0.8869,0.6706,0.8868
348,0.1588,0.0932,0.6709,0.8868,0.6705,0.8867
349,0.1588,0.0932,0.6708,0.8868,0.6704,0.8867
350,0.1588,0.0932,0.6708,0.8868,0.6703,0.8867
351,0.1588,0.0931,0.6709,0.8869,0.6705,0.8868
352,0.1588,0.0931,0.6709,0.887,0.6705,0.8869
353,0.1588,0.0931,0.6709,0.887,0.6705,0.8869
354,0.1588,0.0931,0.6709,0.887,0.6705,0.8869
355,0.1588,0.0931,0.6709,0.887,0.6704,0.8869
356,0.1588,0.0931,0.6708,0.887,0.6704,0.8869
357,0.1588,0.0931,0.6709,0.8871,0.6705,0.887
358,0.1587,0.093,0.6712,0.8871,0.6708,0.887
359,0.1587,0.093,0.6711,0.8871,0.6707,0.887
360,0.1587,0.093,0.6711,0.8871,0.6707,0.887
361,0.1587,0.093,0.671,0.8871,0.6706,0.887
362,0.1588,0.093,0.6709,0.8872,0.6705,0.8871
363,0.1588,0.093,0.6709,0.8872,0.6704,0.8871
364,0.1588,0.093,0.6709,0.8873,0.6704,0.8872
365,0.1588,0.093,0.6708,0.8873,0.6704,0.8872
366,0.1588,0.093,0.6709,0.8873,0.6704,0.8872
367,0.1588,0.093,0.671,0.8874,0.6705,0.8872
368,0.1588,0.093,0.6709,0.8874,0.6705,0.8872
369,0.1588,0.0929,0.6708,0.8874,0.6704,0.8873
370,0.1588,0.0929,0.6708,0.8874,0.6703,0.8873
371,0.1588,0.0929,0.6707,0.8875,0.6703,0.8874
372,0.1588,0.0929,0.6707,0.8875,0.6703,0.8874
373,0.1588,0.0929,0.6707,0.8875,0.6703,0.8874
374,0.1588,0.0929,0.6707,0.8875,0.6702,0.8874
375,0.1589,0.0929,0.6706,0.8875,0.6701,0.8874
376,0.1589,0.0928,0.6705,0.8876,0.6701,0.8875
377,0.1589,0.0928,0.6705,0.8876,0.6701,0.8875
378,0.1589,0.0928,0.6704,0.8876,0.6699,0.8875
379,0.159,0.0928,0.6701,0.8877,0.6697,0.8876
380,0.159,0.0928,0.6701,0.8877,0.6696,0.8876
381,0.159,0.0928,0.6702,0.8878,0.6697,0.8877
382,0.1589,0.0928,0.6703,0.8878,0.6699,0.8877
383,0.1589,0.0928,0.6703,0.8878,0.6698,0.8877
384,0.1588,0.0927,0.6707,0.8879,0.6703,0.8878
385,0.1588,0.0927,0.6707,0.888,0.6703,0.8879
386,0.1588,0.0927,0.6708,0.888,0.6703,0.8879
387,0.1588,0.0927,0.6709,0.888,0.6705,0.8879
388,0.1588,0.0927,0.671,0.8881,0.6706,0.888
389,0.1588,0.0926,0.671,0.8881,0.6706,0.888
390,0.1588,0.0926,0.671,0.8881,0.6705,0.888
391,0.1588,0.0926,0.6709,0.8881,0.6705,0.888
392,0.1588,0.0926,0.671,0.8882,0.6705,0.888
393,0.1587,0.0926,0.6711,0.8882,0.6707,0.8881
394,0.1587,0.0926,0.6711,0.8883,0.6707,0.8882
395,0.1587,0.0926,0.6711,0.8883,0.6707,0.8882
396,0.1587,0.0925,0.6712,0.8883,0.6707,0.8882
397,0.1588,0.0925,0.671,0.8883,0.6705,0.8882
398,0.1588,0.0925,0.671,0.8884,0.6706,0.8883
399,0.1588,0.0925,0.671,0.8884,0.6706,0.8883
400,0.1588,0.0925,0.671,0.8885,0.6706,0.8884
401,0.1588,0.0925,0.6709,0.8885,0.6705,0.8884
402,0.1588,0.0925,0.6709,0.8885,0.6705,0.8884
403,0.1588,0.0924,0.671,0.8886,0.6706,0.8885
404,0.1587,0.0924,0.6711,0.8887,0.6707,0.8886
405,0.1588,0.0924,0.671,0.8887,0.6706,0.8886
406,0.1587,0.0924,0.6712,0.8888,0.6708,0.8887
407,0.1587,0.0924,0.6712,0.8888,0.6707,0.8887
408,0.1587,0.0924,0.6711,0.8888,0.6707,0.8887
409,0.1587,0.0923,0.6713,0.8888,0.6709,0.8887
410,0.1587,0.0923,0.6713,0.8888,0.6709,0.8887
411,0.1587,0.0923,0.6713,0.8888,0.6709,0.8887
412,0.1587,0.0923,0.6713,0.8888,0.6709,0.8887
413,0.1587,0.0923,0.6713,0.8888,0.6708,0.8887
414,0.1587,0.0923,0.6714,0.8889,0.671,0.8888
415,0.1587,0.0923,0.6714,0.889,0.6709,0.8889
416,0.1587,0.0923,0.6713,0.889,0.6709,0.8889
417,0.1587,0.0923,0.6712,0.889,0.6708,0.8889
418,0.1587,0.0923,0.6712,0.889,0.6708,0.8889
419,0.1587,0.0922,0.6711,0.8891,0.6707,0.889
420,0.1588,0.0922,0.671,0.8892,0.6706,0.8891
421,0.1587,0.0922,0.6712,0.8892,0.6708,0.8891
422,0.1587,0.0922,0.6712,0.8892,0.6707,0.8891
423,0.1587,0.0922,0.6712,0.8892,0.6708,0.8891
424,0.1587,0.0921,0.6714,0.8893,0.6709,0.8892
425,0.1586,0.0921,0.6718,0.8894,0.6713,0.8893
426,0.1586,0.0921,0.6718,0.8894,0.6713,0.8893
427,0.1585,0.0921,0.6719,0.8895,0.6715,0.8894
428,0.1586,0.0921,0.6718,0.8895,0.6714,0.8894
429,0.1586,0.092,0.6719,0.8896,0.6714,0.8895
430,0.1585,0.092,0.6719,0.8896,0.6715,0.8895
431,0.1586,0.092,0.6719,0.8896,0.6714,0.8895
432,0.1586,0.092,0.6719,0.8897,0.6714,0.8896
433,0.1586,0.092,0.6718,0.8897,0.6714,0.8896
434,0.1586,0.092,0.6718,0.8897,0.6714,0.8896
435,0.1586,0.092,0.6718,0.8897,0.6713,0.8896
436,0.1586,0.092,0.6718,0.8897,0.6713,0.8896
437,0.1586,0.092,0.6718,0.8898,0.6713,0.8896
438,0.1586,0.0919,0.6717,0.8898,0.6713,0.8897
439,0.1586,0.0919,0.6718,0.8898,0.6714,0.8897
440,0.1586,0.0919,0.6717,0.8899,0.6713,0.8898
441,0.1586,0.0919,0.6717,0.8899,0.6713,0.8898
442,0.1586,0.0919,0.6717,0.8899,0.6713,0.8898
443,0.1586,0.0919,0.6715,0.89,0.6711,0.8899
444,0.1586,0.0919,0.6715,0.89,0.6711,0.8899
445,0.1586,0.0918,0.6716,0.8901,0.6711,0.89
446,0.1586,0.0918,0.6716,0.8901,0.6711,0.89
447,0.1586,0.0918,0.6717,0.8902,0.6713,0.8901
448,0.1586,0.0918,0.6717,0.8902,0.6713,0.8901
449,0.1586,0.0918,0.6717,0.8902,0.6713,0.8901
450,0.1586,0.0918,0.6718,0.8902,0.6714,0.8901
451,0.1586,0.0918,0.6717,0.8902,0.6713,0.8901
452,0.1586,0.0918,0.6718,0.8902,0.6713,0.8901
453,0.1586,0.0917,0.6718,0.8903,0.6714,0.8902
454,0.1586,0.0917,0.6718,0.8903,0.6713,0.8902
455,0.1585,0.0917,0.6719,0.8904,0.6715,0.8903
456,0.1585,0.0917,0.6719,0.8903,0.6715,0.8902
457,0.1585,0.0917,0.6719,0.8904,0.6715,0.8903
458,0.1586,0.0917,0.6719,0.8904,0.6714,0.8902
459,0.1586,0.0917,0.6718,0.8904,0.6714,0.8903
460,0.1586,0.0917,0.6718,0.8904,0.6714,0.8903
461,0.1585,0.0917,0.6719,0.8904,0.6715,0.8903
462,0.1585,0.0917,0.6719,0.8904,0.6715,0.8903
463,0.1585,0.0916,0.6719,0.8905,0.6715,0.8904
464,0.1586,0.0917,0.6718,0.8905,0.6714,0.8904
465,0.1586,0.0916,0.6717,0.8905,0.6713,0.8904
466,0.1586,0.0916,0.6717,0.8905,0.6713,0.8904
467,0.1586,0.0916,0.6717,0.8906,0.6713,0.8905
468,0.1586,0.0916,0.6717,0.8906,0.6713,0.8905
469,0.1586,0.0916,0.6717,0.8906,0.6713,0.8905
470,0.1586,0.0916,0.6717,0.8906,0.6713,0.8905
471,0.1586,0.0916,0.6716,0.8907,0.6712,0.8906
472,0.1586,0.0916,0.6716,0.8907,0.6711,0.8905
473,0.1587,0.0916,0.6714,0.8907,0.671,0.8905
474,0.1587,0.0916,0.6714,0.8907,0.671,0.8905
475,0.1587,0.0916,0.6714,0.8907,0.671,0.8906
476,0.1587,0.0916,0.6714,0.8907,0.6709,0.8906
477,0.1587,0.0916,0.6713,0.8907,0.6709,0.8906
478,0.1587,0.0916,0.6714,0.8907,0.671,0.8906
479,0.1586,0.0915,0.6718,0.8908,0.6713,0.8907
480,0.1586,0.0915,0.6718,0.8909,0.6713,0.8908
481,0.1586,0.0915,0.6718,0.8909,0.6713,0.8908
482,0.1586,0.0915,0.6717,0.8909,0.6713,0.8908
483,0.1586,0.0915,0.6717,0.8909,0.6713,0.8908
484,0.1586,0.0915,0.6718,0.8909,0.6714,0.8908
485,0.1586,0.0915,0.6717,0.8909,0.6712,0.8908
486,0.1586,0.0915,0.6716,0.8909,0.6712,0.8908
487,0.1586,0.0915,0.6718,0.8909,0.6713,0.8908
488,0.1585,0.0914,0.672,0.891,0.6715,0.8909
489,0.1585,0.0914,0.672,0.8911,0.6716,0.891
490,0.1585,0.0914,0.6722,0.8912,0.6717,0.891
491,0.1585,0.0913,0.6722,0.8912,0.6718,0.8911
492,0.1585,0.0913,0.6722,0.8913,0.6717,0.8912
493,0.1585,0.0913,0.6721,0.8913,0.6716,0.8912
494,0.1585,0.0913,0.672,0.8913,0.6716,0.8912
495,0.1585,0.0913,0.672,0.8913,0.6716,0.8912
496,0.1585,0.0913,0.672,0.8913,0.6716,0.8912
497,0.1585,0.0913,0.6719,0.8913,0.6714,0.8912
498,0.1585,0.0913,0.6722,0.8914,0.6717,0.8912
499,0.1585,0.0913,0.6722,0.8914,0.6717,0.8913
500,0.1584,0.0913,0.6724,0.8914,0.672,0.8913
